{
    "input_ids": 0.03788800165057182,
    "size": 0.01187840010970831,
    "embeddings_word_embeddings": 0.044646399468183516,
    "size_1": 0.01187840010970831,
    "embeddings_position_ids": 0.01515519991517067,
    "getitem": 0.017817600071430205,
    "embeddings_position_embeddings": 0.04464640021324158,
    "add": 0.026214399933815004,
    "embeddings_layer_norm": 0.05017600059509277,
    "embeddings_dropout": 0.020684799924492837,
    "getattr_1": 0.011468799971044063,
    "ones": 0.027852800861001014,
    "size_2": 0.01187840010970831,
    "getitem_1": 0.010854399763047695,
    "getitem_2": 0.011059199832379818,
    "getitem_3": 0.010649600066244602,
    "size_3": 0.01228800006210804,
    "transformer_layer_0_attention_q_lin": 0.06574079990386963,
    "view": 0.016383999772369862,
    "transpose": 0.016383999772369862,
    "transformer_layer_0_attention_k_lin": 0.06492159962654113,
    "view_1": 0.015974400006234644,
    "transpose_1": 0.016588800027966498,
    "transformer_layer_0_attention_v_lin": 0.06451199948787689,
    "view_2": 0.01556480024009943,
    "transpose_2": 0.017407999932765962,
    "truediv": 0.029286400228738785,
    "transpose_3": 0.015564800053834916,
    "matmul": 0.04689920097589493,
    "eq": 0.025804800167679786,
    "view_3": 0.013926399871706963,
    "expand_as": 0.014131199941039086,
    "getattr_2": 0.011059199832379818,
    "finfo": 0.012902400270104409,
    "getattr_3": 0.010649599879980088,
    "tensor": 0.01576959975063801,
    "masked_fill": 0.04300800040364265,
    "softmax": 0.02600960060954094,
    "transformer_layer_0_attention_dropout": 0.025600000098347665,
    "matmul_1": 0.04710400104522705,
    "transpose_4": 0.015155200101435184,
    "contiguous": 0.03133440054953098,
    "view_4": 0.015360000170767307,
    "transformer_layer_0_attention_out_lin": 0.06615040004253388,
    "add_1": 0.02682880014181137,
    "transformer_layer_0_sa_layer_norm": 0.048947200924158094,
    "transformer_layer_0_ffn_lin1": 0.059801599383354186,
    "gelu": 0.025804800167679786,
    "transformer_layer_0_ffn_lin2": 0.08949760049581527,
    "transformer_layer_0_ffn_dropout": 0.027033599838614465,
    "add_2": 0.027033600583672525,
    "transformer_layer_0_output_layer_norm": 0.049766399711370465,
    "size_4": 0.013107200153172016,
    "getitem_4": 0.010444799996912479,
    "getitem_5": 0.010239999927580356,
    "getitem_6": 0.010444799996912479,
    "size_5": 0.01085439994931221,
    "transformer_layer_1_attention_q_lin": 0.06451199948787689,
    "view_5": 0.015564800053834916,
    "transpose_5": 0.0155647998675704,
    "transformer_layer_1_attention_k_lin": 0.0636927992105484,
    "view_6": 0.015564800053834916,
    "transpose_6": 0.015360000170767307,
    "transformer_layer_1_attention_v_lin": 0.06451199948787689,
    "view_7": 0.015974400192499162,
    "transpose_7": 0.015155200101435184,
    "truediv_1": 0.02805760018527508,
    "transpose_8": 0.015155200101435184,
    "matmul_2": 0.04608000069856644,
    "eq_1": 0.02396160028874874,
    "view_8": 0.013516800105571746,
    "expand_as_1": 0.013721599988639355,
    "getattr_4": 0.010240000113844872,
    "finfo_1": 0.010444799996912479,
    "getattr_5": 0.010035200044512749,
    "tensor_1": 0.014540799893438816,
    "masked_fill_1": 0.038912000507116316,
    "softmax_1": 0.024780800566077232,
    "transformer_layer_1_attention_dropout": 0.02457600049674511,
    "matmul_3": 0.04608000069856644,
    "transpose_9": 0.01454080007970333,
    "contiguous_1": 0.027648000046610832,
    "view_9": 0.01454080007970333,
    "transformer_layer_1_attention_out_lin": 0.06389759927988052,
    "add_3": 0.02396160028874874,
    "transformer_layer_1_sa_layer_norm": 0.04792320057749748,
    "transformer_layer_1_ffn_lin1": 0.05857280120253563,
    "gelu_1": 0.02457600049674511,
    "transformer_layer_1_ffn_lin2": 0.08806400001049042,
    "transformer_layer_1_ffn_dropout": 0.024780800193548204,
    "add_4": 0.02396160028874874,
    "transformer_layer_1_output_layer_norm": 0.04812800064682961,
    "size_6": 0.011059200018644333,
    "getitem_7": 0.010035200044512749,
    "getitem_8": 0.010035200044512749,
    "getitem_9": 0.011264000087976456,
    "size_7": 0.01085439994931221,
    "transformer_layer_2_attention_q_lin": 0.06348799914121628,
    "view_10": 0.015155200101435184,
    "transpose_10": 0.014745600149035453,
    "transformer_layer_2_attention_k_lin": 0.06696960031986236,
    "view_11": 0.014950400218367577,
    "transpose_11": 0.01474559996277094,
    "transformer_layer_2_attention_v_lin": 0.06430719941854476,
    "view_12": 0.01597439981997013,
    "transpose_12": 0.014950400218367577,
    "truediv_2": 0.02744319960474968,
    "transpose_13": 0.01474559996277094,
    "matmul_4": 0.04628480076789856,
    "eq_2": 0.02375680021941662,
    "view_13": 0.013516800105571746,
    "expand_as_2": 0.01331200022250414,
    "getattr_6": 0.010444799996912479,
    "finfo_2": 0.010239999927580356,
    "getattr_7": 0.011673600226640702,
    "tensor_2": 0.01454080007970333,
    "masked_fill_2": 0.04300800040364265,
    "softmax_2": 0.02457600049674511,
    "transformer_layer_2_attention_dropout": 0.02744320034980774,
    "matmul_5": 0.045875200629234315,
    "transpose_14": 0.014745600149035453,
    "contiguous_2": 0.02682879976928234,
    "view_14": 0.01454080007970333,
    "transformer_layer_2_attention_out_lin": 0.0636927992105484,
    "add_5": 0.02396160028874874,
    "transformer_layer_2_sa_layer_norm": 0.04751360043883324,
    "transformer_layer_2_ffn_lin1": 0.059187200665473935,
    "gelu_2": 0.02457600049674511,
    "transformer_layer_2_ffn_lin2": 0.08908800035715103,
    "transformer_layer_2_ffn_dropout": 0.02375680021941662,
    "add_6": 0.02396160028874874,
    "transformer_layer_2_output_layer_norm": 0.04833280071616173,
    "size_8": 0.010649599879980088,
    "getitem_10": 0.010035200044512749,
    "getitem_11": 0.010035200044512749,
    "getitem_12": 0.010035200044512749,
    "size_9": 0.010444799996912479,
    "transformer_layer_3_attention_q_lin": 0.0636927992105484,
    "view_15": 0.016588800027966498,
    "transpose_15": 0.015155200101435184,
    "transformer_layer_3_attention_k_lin": 0.06410239934921265,
    "view_16": 0.014950400032103062,
    "transpose_16": 0.01474559996277094,
    "transformer_layer_3_attention_v_lin": 0.0628735989332199,
    "view_17": 0.015155200101435184,
    "transpose_17": 0.01454080007970333,
    "truediv_3": 0.028057599812746047,
    "transpose_18": 0.014950400218367577,
    "matmul_6": 0.04648960083723068,
    "eq_3": 0.02396160028874874,
    "view_18": 0.013516800105571746,
    "expand_as_3": 0.014131199941039086,
    "getattr_8": 0.010240000113844872,
    "finfo_3": 0.010239999927580356,
    "getattr_9": 0.010035200044512749,
    "tensor_3": 0.01515519991517067,
    "masked_fill_3": 0.041574399918317795,
    "softmax_3": 0.02457600012421608,
    "transformer_layer_3_attention_dropout": 0.02375680021941662,
    "matmul_7": 0.04628480076789856,
    "transpose_19": 0.01454080007970333,
    "contiguous_3": 0.02744319997727871,
    "view_19": 0.01474559996277094,
    "transformer_layer_3_attention_out_lin": 0.06533119976520538,
    "add_7": 0.024371200427412986,
    "transformer_layer_3_sa_layer_norm": 0.04730880111455917,
    "transformer_layer_3_ffn_lin1": 0.058982400596141814,
    "gelu_3": 0.024166399985551833,
    "transformer_layer_3_ffn_lin2": 0.08908800035715103,
    "transformer_layer_3_ffn_dropout": 0.023552000150084497,
    "add_8": 0.02396159991621971,
    "transformer_layer_3_output_layer_norm": 0.04792320057749748,
    "size_10": 0.010649599879980088,
    "getitem_13": 0.009830400161445142,
    "getitem_14": 0.010035200044512749,
    "getitem_15": 0.009625600278377533,
    "size_11": 0.010444799996912479,
    "transformer_layer_4_attention_q_lin": 0.06348799914121628,
    "view_20": 0.014745600149035453,
    "transpose_20": 0.014336000010371209,
    "transformer_layer_4_attention_k_lin": 0.06410239934921265,
    "view_21": 0.01474559996277094,